{"stats":{"minecraft:custom":{"minecraft:jump":52,"minecraft:time_since_rest":7274,"minecraft:leave_game":1,"minecraft:sprint_one_cm":36899,"lootr:looted_stat":1,"minecraft:play_time":7274,"minecraft:damage_taken":114,"minecraft:time_since_death":7274,"minecraft:walk_one_cm":4409,"minecraft:total_world_time":21173,"minecraft:drop":1,"minecraft:fall_one_cm":2043,"minecraft:fly_one_cm":12329},"minecraft:dropped":{"minecraft:pumpkin":1},"minecraft:picked_up":{"minecraft:pumpkin":1},"minecraft:mined":{"minecraft:short_grass":1,"minecraft:pumpkin":1}},"DataVersion":3955}