{"stats":{"minecraft:picked_up":{"occultism:datura_seeds":1,"biomesoplenty:white_lavender":6,"minecraft:wheat_seeds":1,"minecraft:dandelion":1,"minecraft:poppy":2,"minecraft:sunflower":3},"minecraft:mined":{"minecraft:short_grass":1,"biomesoplenty:sprout":1},"minecraft:custom":{"minecraft:time_since_rest":5336,"minecraft:play_time":5336,"minecraft:sprint_one_cm":40135,"minecraft:damage_taken":100,"minecraft:walk_one_cm":12068,"minecraft:walk_under_water_one_cm":276,"minecraft:drop":13,"minecraft:jump":130,"minecraft:leave_game":2,"minecraft:walk_on_water_one_cm":773,"minecraft:time_since_death":5336,"minecraft:total_world_time":34066,"minecraft:swim_one_cm":3735,"minecraft:fall_one_cm":3803,"minecraft:fly_one_cm":30161},"minecraft:dropped":{"minecraft:poppy":2,"minecraft:sunflower":3,"minecraft:wheat_seeds":1,"biomesoplenty:white_lavender":6,"minecraft:dandelion":1}},"DataVersion":3955}