{
  "ars_nouveau:recipes/misc/dull_trinket": {
    "criteria": {
      "has_journal": "2025-01-17 14:19:47 -0500"
    },
    "done": true
  },
  "ars_nouveau:recipes/misc/ritual_flight": {
    "criteria": {
      "has_journal": "2025-01-17 14:19:47 -0500"
    },
    "done": true
  },
  "mcwfencesbop:recipes/flowering_oak_hedge": {
    "criteria": {
      "has_birch": "2025-01-17 14:19:47 -0500"
    },
    "done": true
  },
  "ars_nouveau:recipes/building_blocks/smooth_gilded_sourcestone_basketweave_stonecutter_stair": {
    "criteria": {
      "has_journal": "2025-01-17 14:19:47 -0500"
    },
    "done": true
  },
  "ars_elemental:recipes/misc/tablet_ritual_repulsion": {
    "criteria": {
      "has_journal": "2025-01-17 14:19:47 -0500"
    },
    "done": true
  },
  "ars_nouveau:recipes/building_blocks/smooth_gilded_sourcestone_large_bricks_stonecutter_stair": {
    "criteria": {
      "has_journal": "2025-01-17 14:19:47 -0500"
    },
    "done": true
  },
  "ars_additions:recipes/misc/crafting/lanterns/archwood_lantern": {
    "criteria": {
      "has_journal": "2025-01-17 14:19:47 -0500"
    },
    "done": true
  },
  "ars_nouveau:recipes/building_blocks/smooth_gilded_sourcestone_mosaic_stone_cutterslab": {
    "criteria": {
      "has_journal": "2025-01-17 14:19:47 -0500"
    },
    "done": true
  },
  "ars_nouveau:recipes/misc/ritual_fertility": {
    "criteria": {
      "has_journal": "2025-01-17 14:19:47 -0500"
    },
    "done": true
  },
  "incendium:technical/sentrys_wrath": {
    "criteria": {
      "log_spam_fixer": "2025-01-17 14:29:34 -0500"
    },
    "done": false
  },
  "ars_nouveau:recipes/misc/spike_to_dye": {
    "criteria": {
      "has_journal": "2025-01-17 14:19:47 -0500"
    },
    "done": true
  },
  "ars_nouveau:recipes/misc/rotating_turret_to_basic_spell_turret": {
    "criteria": {
      "has_journal": "2025-01-17 14:19:47 -0500"
    },
    "done": true
  },
  "ars_nouveau:recipes/misc/ritual_moonfall": {
    "criteria": {
      "has_journal": "2025-01-17 14:19:47 -0500"
    },
    "done": true
  },
  "ars_elemental:recipes/misc/curio_bag": {
    "criteria": {
      "has_journal": "2025-01-17 14:19:47 -0500"
    },
    "done": true
  },
  "ars_nouveau:recipes/misc/smooth_sourcestone_grate": {
    "criteria": {
      "has_journal": "2025-01-17 14:19:47 -0500"
    },
    "done": true
  },
  "ars_nouveau:recipes/misc/polished_sconce": {
    "criteria": {
      "has_journal": "2025-01-17 14:19:47 -0500"
    },
    "done": true
  },
  "ae2wtlib:recipe/wireless_universal_terminal/ce": {
    "criteria": {
      "has_wpt": "2025-01-17 14:19:47 -0500",
      "has_wct": "2025-01-17 14:19:47 -0500"
    },
    "done": true
  },
  "ae2wtlib:recipe/wireless_universal_terminal/ca": {
    "criteria": {
      "has_wit": "2025-01-17 14:19:47 -0500",
      "has_wct": "2025-01-17 14:19:47 -0500"
    },
    "done": true
  },
  "ars_nouveau:recipes/misc/gilded_sourcestone_large_bricks_to_sourcestone": {
    "criteria": {
      "has_journal": "2025-01-17 14:19:47 -0500"
    },
    "done": true
  },
  "ars_nouveau:recipes/misc/ritual_animal_summon": {
    "criteria": {
      "has_journal": "2025-01-17 14:19:47 -0500"
    },
    "done": true
  },
  "ars_nouveau:recipes/building_blocks/sourcestone_small_bricks_stonecutter_stair": {
    "criteria": {
      "has_journal": "2025-01-17 14:19:47 -0500"
    },
    "done": true
  },
  "ars_nouveau:recipes/misc/magelight_torch": {
    "criteria": {
      "has_journal": "2025-01-17 14:19:47 -0500"
    },
    "done": true
  },
  "mcwfencesbop:recipes/origin_hedge": {
    "criteria": {
      "has_birch": "2025-01-17 14:19:47 -0500"
    },
    "done": true
  },
  "mcwfencesbop:recipes/empyreal_hedge": {
    "criteria": {
      "has_birch": "2025-01-17 14:19:47 -0500"
    },
    "done": true
  },
  "ars_nouveau:recipes/building_blocks/smooth_sourcestone_slab": {
    "criteria": {
      "has_journal": "2025-01-17 14:19:47 -0500"
    },
    "done": true
  },
  "ars_nouveau:recipes/misc/platform_to_pedestal": {
    "criteria": {
      "has_journal": "2025-01-17 14:19:47 -0500"
    },
    "done": true
  },
  "mcwfences:recipes/dark_oak": {
    "criteria": {
      "has_dark_oak": "2025-01-17 14:19:47 -0500"
    },
    "done": true
  },
  "ae2wtlib:recipe/wireless_universal_terminal/upgrade_pattern_access": {
    "criteria": {
      "has_wit": "2025-01-17 14:19:47 -0500"
    },
    "done": true
  },
  "ars_nouveau:recipes/building_blocks/gilded_sourcestone_large_bricks_slab": {
    "criteria": {
      "has_journal": "2025-01-17 14:19:47 -0500"
    },
    "done": true
  },
  "ars_additions:recipes/misc/crafting/buttons/sourcestone_button": {
    "criteria": {
      "has_journal": "2025-01-17 14:19:47 -0500"
    },
    "done": true
  },
  "ars_nouveau:recipes/misc/reset_warp_scroll": {
    "criteria": {
      "has_journal": "2025-01-17 14:19:47 -0500"
    },
    "done": true
  },
  "ars_additions:recipes/misc/ritual/ritual_locate_structure": {
    "criteria": {
      "has_journal": "2025-01-17 14:19:47 -0500"
    },
    "done": true
  },
  "ars_nouveau:recipes/building_blocks/smooth_gilded_sourcestone_small_bricks_stonecutter_stair": {
    "criteria": {
      "has_journal": "2025-01-17 14:19:47 -0500"
    },
    "done": true
  },
  "ars_nouveau:recipes/misc/imbuement_chamber": {
    "criteria": {
      "has_journal": "2025-01-17 14:19:47 -0500"
    },
    "done": true
  },
  "ars_nouveau:recipes/building_blocks/sourcestone_large_bricks_stonecutter_stair": {
    "criteria": {
      "has_journal": "2025-01-17 14:19:47 -0500"
    },
    "done": true
  },
  "ars_additions:recipes/decorations/crafting/stonecutter/cracked_sourcestone_wall_0": {
    "criteria": {
      "has_journal": "2025-01-17 14:19:47 -0500"
    },
    "done": true
  },
  "ars_elemental:recipes/misc/yellow_archwood": {
    "criteria": {
      "has_journal": "2025-01-17 14:19:47 -0500"
    },
    "done": true
  },
  "ars_nouveau:recipes/misc/manipulation_essence_to_andesite": {
    "criteria": {
      "has_journal": "2025-01-17 14:19:47 -0500"
    },
    "done": true
  },
  "ars_nouveau:recipes/building_blocks/archwood_slab": {
    "criteria": {
      "has_journal": "2025-01-17 14:19:47 -0500"
    },
    "done": true
  },
  "ars_nouveau:recipes/misc/green_archwood_wood": {
    "criteria": {
      "has_journal": "2025-01-17 14:19:47 -0500"
    },
    "done": true
  },
  "ars_nouveau:recipes/misc/ritual_binding": {
    "criteria": {
      "has_journal": "2025-01-17 14:19:47 -0500"
    },
    "done": true
  },
  "ars_nouveau:root": {
    "criteria": {
      "ars_nouveau:worn_notebook": "2025-01-17 14:19:47 -0500"
    },
    "done": true
  },
  "mcwfences:recipes/crimson": {
    "criteria": {
      "has_crimson": "2025-01-17 14:19:47 -0500"
    },
    "done": true
  },
  "mcwfences:recipes/prismarine": {
    "criteria": {
      "has_qq": "2025-01-17 14:19:47 -0500"
    },
    "done": true
  },
  "ars_additions:recipes/misc/crafting/revert/cracked_polished_sourcestone_to_sourcestone": {
    "criteria": {
      "has_journal": "2025-01-17 14:19:47 -0500"
    },
    "done": true
  },
  "mcwfences:recipes/quartz": {
    "criteria": {
      "has_qq": "2025-01-17 14:19:47 -0500"
    },
    "done": true
  },
  "ars_nouveau:recipes/misc/gilded_sourcestone_large_bricks_stairs": {
    "criteria": {
      "has_journal": "2025-01-17 14:19:47 -0500"
    },
    "done": true
  },
  "ars_nouveau:recipes/misc/wing_to_leather": {
    "criteria": {
      "has_journal": "2025-01-17 14:19:47 -0500"
    },
    "done": true
  },
  "ars_additions:recipes/misc/crafting/trapdoors/magebloom_carpet": {
    "criteria": {
      "has_journal": "2025-01-17 14:19:47 -0500"
    },
    "done": true
  },
  "ars_nouveau:recipes/misc/smooth_sourcestone_stairs": {
    "criteria": {
      "has_journal": "2025-01-17 14:19:47 -0500"
    },
    "done": true
  },
  "ars_nouveau:recipes/misc/runic_chalk": {
    "criteria": {
      "has_journal": "2025-01-17 14:19:47 -0500"
    },
    "done": true
  },
  "ars_nouveau:recipes/building_blocks/gilded_sourcestone_basketweave_stone_cutterslab": {
    "criteria": {
      "has_journal": "2025-01-17 14:19:47 -0500"
    },
    "done": true
  },
  "ars_nouveau:recipes/misc/ritual_brazier": {
    "criteria": {
      "has_journal": "2025-01-17 14:19:47 -0500"
    },
    "done": true
  },
  "ars_nouveau:recipes/misc/manipulation_essence_to_mycelium": {
    "criteria": {
      "has_journal": "2025-01-17 14:19:47 -0500"
    },
    "done": true
  },
  "ars_nouveau:recipes/building_blocks/stripped_green_archwood_wood": {
    "criteria": {
      "has_journal": "2025-01-17 14:19:47 -0500"
    },
    "done": true
  },
  "ars_nouveau:recipes/building_blocks/smooth_gilded_sourcestone_basketweave_stone_cutterslab": {
    "criteria": {
      "has_journal": "2025-01-17 14:19:47 -0500"
    },
    "done": true
  },
  "ars_additions:recipes/misc/crafting/chains/golden_chain": {
    "criteria": {
      "has_journal": "2025-01-17 14:19:47 -0500"
    },
    "done": true
  },
  "ars_nouveau:recipes/misc/spike_to_arrow": {
    "criteria": {
      "has_journal": "2025-01-17 14:19:47 -0500"
    },
    "done": true
  },
  "incendium:technical/on_player_hurt": {
    "criteria": {
      "log_spam_fixer": "2025-01-17 14:29:34 -0500"
    },
    "done": false
  },
  "ars_nouveau:recipes/misc/void_prism": {
    "criteria": {
      "has_journal": "2025-01-17 14:19:47 -0500"
    },
    "done": true
  },
  "ars_nouveau:recipes/misc/blue_sbed": {
    "criteria": {
      "has_journal": "2025-01-17 14:19:47 -0500"
    },
    "done": true
  },
  "ars_nouveau:recipes/misc/relay": {
    "criteria": {
      "has_journal": "2025-01-17 14:19:47 -0500"
    },
    "done": true
  },
  "ars_nouveau:recipes/misc/ritual_burrowing": {
    "criteria": {
      "has_journal": "2025-01-17 14:19:47 -0500"
    },
    "done": true
  },
  "ars_nouveau:recipes/misc/ritual_overgrowth": {
    "criteria": {
      "has_journal": "2025-01-17 14:19:47 -0500"
    },
    "done": true
  },
  "ars_nouveau:recipes/misc/ritual_restoration": {
    "criteria": {
      "has_journal": "2025-01-17 14:19:47 -0500"
    },
    "done": true
  },
  "ars_elemental:recipes/misc/alt_blossom": {
    "criteria": {
      "has_journal": "2025-01-17 14:19:47 -0500"
    },
    "done": true
  },
  "minecraft:recipes/decorations/crafting_table": {
    "criteria": {
      "unlock_right_away": "2025-01-17 14:19:47 -0500"
    },
    "done": true
  },
  "ars_nouveau:recipes/misc/sourcestone": {
    "criteria": {
      "has_journal": "2025-01-17 14:19:47 -0500"
    },
    "done": true
  },
  "mcwfences:recipes/jungle": {
    "criteria": {
      "has_jungle": "2025-01-17 14:19:47 -0500"
    },
    "done": true
  },
  "ars_additions:recipes/decorations/crafting/stonecutter/sourcestone_trapdoor_0": {
    "criteria": {
      "has_journal": "2025-01-17 14:19:47 -0500"
    },
    "done": true
  },
  "ars_additions:recipes/misc/clear_advanced_dominion_wand": {
    "criteria": {
      "has_journal": "2025-01-17 14:19:47 -0500"
    },
    "done": true
  },
  "ars_nouveau:recipes/misc/smooth_sourcestone_to_sourcestone": {
    "criteria": {
      "has_journal": "2025-01-17 14:19:47 -0500"
    },
    "done": true
  },
  "ars_nouveau:recipes/decorations/sourcestone_19": {
    "criteria": {
      "has_journal": "2025-01-17 14:19:47 -0500"
    },
    "done": true
  },
  "ars_nouveau:recipes/decorations/sourcestone_18": {
    "criteria": {
      "has_journal": "2025-01-17 14:19:47 -0500"
    },
    "done": true
  },
  "ars_nouveau:recipes/decorations/sourcestone_11": {
    "criteria": {
      "has_journal": "2025-01-17 14:19:47 -0500"
    },
    "done": true
  },
  "ars_nouveau:recipes/decorations/sourcestone_10": {
    "criteria": {
      "has_journal": "2025-01-17 14:19:47 -0500"
    },
    "done": true
  },
  "ars_nouveau:recipes/decorations/sourcestone_13": {
    "criteria": {
      "has_journal": "2025-01-17 14:19:47 -0500"
    },
    "done": true
  },
  "ars_nouveau:recipes/decorations/sourcestone_12": {
    "criteria": {
      "has_journal": "2025-01-17 14:19:47 -0500"
    },
    "done": true
  },
  "ars_nouveau:recipes/decorations/sourcestone_15": {
    "criteria": {
      "has_journal": "2025-01-17 14:19:47 -0500"
    },
    "done": true
  },
  "ars_nouveau:recipes/decorations/sourcestone_14": {
    "criteria": {
      "has_journal": "2025-01-17 14:19:47 -0500"
    },
    "done": true
  },
  "ars_nouveau:recipes/decorations/sourcestone_17": {
    "criteria": {
      "has_journal": "2025-01-17 14:19:47 -0500"
    },
    "done": true
  },
  "ars_nouveau:recipes/decorations/sourcestone_16": {
    "criteria": {
      "has_journal": "2025-01-17 14:19:47 -0500"
    },
    "done": true
  },
  "ars_nouveau:recipes/misc/sunrise_2": {
    "criteria": {
      "has_journal": "2025-01-17 14:19:47 -0500"
    },
    "done": true
  },
  "ars_nouveau:recipes/misc/smooth_gilded_sourcestone_large_bricks_stairs": {
    "criteria": {
      "has_journal": "2025-01-17 14:19:47 -0500"
    },
    "done": true
  },
  "ars_nouveau:recipes/misc/ritual_sanctuary": {
    "criteria": {
      "has_journal": "2025-01-17 14:19:47 -0500"
    },
    "done": true
  },
  "ars_additions:recipes/misc/crafting/doors/sourcestone_door": {
    "criteria": {
      "has_journal": "2025-01-17 14:19:47 -0500"
    },
    "done": true
  },
  "ars_additions:recipes/misc/crafting/lanterns/reversed_polished_sourcestone_lantern": {
    "criteria": {
      "has_journal": "2025-01-17 14:19:47 -0500"
    },
    "done": true
  },
  "ars_nouveau:recipes/building_blocks/archwood_button": {
    "criteria": {
      "has_journal": "2025-01-17 14:19:47 -0500"
    },
    "done": true
  },
  "ars_additions:recipes/decorations/crafting/stonecutter/polished_sourcestone_door_0": {
    "criteria": {
      "has_journal": "2025-01-17 14:19:47 -0500"
    },
    "done": true
  },
  "ars_nouveau:recipes/misc/clear_bookwyrm_charm": {
    "criteria": {
      "has_journal": "2025-01-17 14:19:47 -0500"
    },
    "done": true
  },
  "ars_nouveau:recipes/misc/archwood_chest": {
    "criteria": {
      "has_journal": "2025-01-17 14:19:47 -0500"
    },
    "done": true
  },
  "ars_nouveau:recipes/building_blocks/smooth_sourcestone_stonecutter_stair": {
    "criteria": {
      "has_journal": "2025-01-17 14:19:47 -0500"
    },
    "done": true
  },
  "mcwfences:recipes/mangrove": {
    "criteria": {
      "has_mangrove": "2025-01-17 14:19:47 -0500"
    },
    "done": true
  },
  "ars_nouveau:recipes/building_blocks/smooth_sourcestone_basketweave_stone_cutterslab": {
    "criteria": {
      "has_journal": "2025-01-17 14:19:47 -0500"
    },
    "done": true
  },
  "mcwfences:recipes/warped": {
    "criteria": {
      "has_warped": "2025-01-17 14:19:47 -0500"
    },
    "done": true
  },
  "ars_nouveau:recipes/building_blocks/smooth_gilded_sourcestone_alternating_stone_cutterslab": {
    "criteria": {
      "has_journal": "2025-01-17 14:19:47 -0500"
    },
    "done": true
  },
  "ars_nouveau:recipes/misc/manipulation_essence_to_diorite": {
    "criteria": {
      "has_journal": "2025-01-17 14:19:47 -0500"
    },
    "done": true
  },
  "ars_nouveau:recipes/decorations/sourcestone_20": {
    "criteria": {
      "has_journal": "2025-01-17 14:19:47 -0500"
    },
    "done": true
  },
  "ars_nouveau:recipes/misc/gilded_sourcestone_mosaic_to_sourcestone": {
    "criteria": {
      "has_journal": "2025-01-17 14:19:47 -0500"
    },
    "done": true
  },
  "ars_nouveau:recipes/decorations/sourcestone_21": {
    "criteria": {
      "has_journal": "2025-01-17 14:19:47 -0500"
    },
    "done": true
  },
  "ars_nouveau:recipes/misc/annotated_codex": {
    "criteria": {
      "has_journal": "2025-01-17 14:19:47 -0500"
    },
    "done": true
  },
  "ars_nouveau:recipes/building_blocks/gilded_sourcestone_alternating_stone_cutterslab": {
    "criteria": {
      "has_journal": "2025-01-17 14:19:47 -0500"
    },
    "done": true
  },
  "ars_additions:recipes/misc/crafting/trapdoors/sourcestone_trapdoor": {
    "criteria": {
      "has_journal": "2025-01-17 14:19:47 -0500"
    },
    "done": true
  },
  "ars_elemental:recipes/misc/sparkflower_to_glowstone": {
    "criteria": {
      "has_journal": "2025-01-17 14:19:47 -0500"
    },
    "done": true
  },
  "ars_nouveau:recipes/misc/volcanic_sourcelink": {
    "criteria": {
      "has_journal": "2025-01-17 14:19:47 -0500"
    },
    "done": true
  },
  "ars_nouveau:recipes/misc/sourceberry_to_purple": {
    "criteria": {
      "has_journal": "2025-01-17 14:19:47 -0500"
    },
    "done": true
  },
  "ars_nouveau:recipes/building_blocks/gilded_sourcestone_alternating_stonecutter_stair": {
    "criteria": {
      "has_journal": "2025-01-17 14:19:47 -0500"
    },
    "done": true
  },
  "ars_nouveau:recipes/misc/clear_deny": {
    "criteria": {
      "has_journal": "2025-01-17 14:19:47 -0500"
    },
    "done": true
  },
  "ars_nouveau:recipes/misc/source_gem_block_2": {
    "criteria": {
      "has_journal": "2025-01-17 14:19:47 -0500"
    },
    "done": true
  },
  "ars_nouveau:recipes/misc/moonfall_2": {
    "criteria": {
      "has_journal": "2025-01-17 14:19:47 -0500"
    },
    "done": true
  },
  "ars_nouveau:recipes/building_blocks/gilded_sourcestone_large_bricks_stone_cutterslab": {
    "criteria": {
      "has_journal": "2025-01-17 14:19:47 -0500"
    },
    "done": true
  },
  "ars_nouveau:recipes/misc/spell_prism": {
    "criteria": {
      "has_journal": "2025-01-17 14:19:47 -0500"
    },
    "done": true
  },
  "ae2wtlib:recipe/wireless_universal_terminal/ae": {
    "criteria": {
      "has_wit": "2025-01-17 14:19:47 -0500",
      "has_wpt": "2025-01-17 14:19:47 -0500"
    },
    "done": true
  },
  "mcwfences:recipes/nether": {
    "criteria": {
      "has_nether_brick": "2025-01-17 14:19:47 -0500"
    },
    "done": true
  },
  "ars_nouveau:recipes/misc/arcane_platform": {
    "criteria": {
      "has_journal": "2025-01-17 14:19:47 -0500"
    },
    "done": true
  },
  "ars_elemental:recipes/redstone/advanced_prism": {
    "criteria": {
      "has_journal": "2025-01-17 14:19:47 -0500"
    },
    "done": true
  },
  "ars_nouveau:recipes/misc/polished_source_sconce": {
    "criteria": {
      "has_journal": "2025-01-17 14:19:47 -0500"
    },
    "done": true
  },
  "ars_nouveau:recipes/misc/gilded_sourcestone_alternating_stairs": {
    "criteria": {
      "has_journal": "2025-01-17 14:19:47 -0500"
    },
    "done": true
  },
  "ars_nouveau:recipes/building_blocks/archwood_door": {
    "criteria": {
      "has_journal": "2025-01-17 14:19:47 -0500"
    },
    "done": true
  },
  "ars_nouveau:recipes/misc/ritual_sunrise": {
    "criteria": {
      "has_journal": "2025-01-17 14:19:47 -0500"
    },
    "done": true
  },
  "ars_nouveau:recipes/misc/wipe_spell_parchment": {
    "criteria": {
      "has_journal": "2025-01-17 14:19:47 -0500"
    },
    "done": true
  },
  "ars_nouveau:recipes/misc/vitalic_sourcelink": {
    "criteria": {
      "has_journal": "2025-01-17 14:19:47 -0500"
    },
    "done": true
  },
  "ars_nouveau:recipes/misc/wixie_hat": {
    "criteria": {
      "has_journal": "2025-01-17 14:19:47 -0500"
    },
    "done": true
  },
  "ars_nouveau:recipes/building_blocks/sourcestone_basketweave_stone_cutterslab": {
    "criteria": {
      "has_journal": "2025-01-17 14:19:47 -0500"
    },
    "done": true
  },
  "ars_nouveau:recipes/misc/clear_drygmy_charm": {
    "criteria": {
      "has_journal": "2025-01-17 14:19:47 -0500"
    },
    "done": true
  },
  "incendium:technical/new_player": {
    "criteria": {
      "requirement": "2025-01-17 14:19:47 -0500"
    },
    "done": true
  },
  "incendium:technical/on_kill": {
    "criteria": {
      "log_spam_fixer": "2025-01-17 14:29:34 -0500"
    },
    "done": false
  },
  "ars_additions:recipes/decorations/crafting/stonecutter/sourcestone_5": {
    "criteria": {
      "has_journal": "2025-01-17 14:19:47 -0500"
    },
    "done": true
  },
  "ars_additions:recipes/decorations/crafting/stonecutter/sourcestone_4": {
    "criteria": {
      "has_journal": "2025-01-17 14:19:47 -0500"
    },
    "done": true
  },
  "ars_additions:recipes/decorations/crafting/stonecutter/sourcestone_3": {
    "criteria": {
      "has_journal": "2025-01-17 14:19:47 -0500"
    },
    "done": true
  },
  "ars_additions:recipes/decorations/crafting/stonecutter/sourcestone_2": {
    "criteria": {
      "has_journal": "2025-01-17 14:19:47 -0500"
    },
    "done": true
  },
  "ars_additions:recipes/decorations/crafting/stonecutter/sourcestone_1": {
    "criteria": {
      "has_journal": "2025-01-17 14:19:47 -0500"
    },
    "done": true
  },
  "ars_additions:recipes/decorations/crafting/stonecutter/sourcestone_0": {
    "criteria": {
      "has_journal": "2025-01-17 14:19:47 -0500"
    },
    "done": true
  },
  "ars_nouveau:recipes/building_blocks/gilded_sourcestone_small_bricks_stonecutter_stair": {
    "criteria": {
      "has_journal": "2025-01-17 14:19:47 -0500"
    },
    "done": true
  },
  "ars_nouveau:recipes/misc/source_berry_pie": {
    "criteria": {
      "has_journal": "2025-01-17 14:19:47 -0500"
    },
    "done": true
  },
  "ars_nouveau:recipes/misc/manipulation_essence_to_moss_block": {
    "criteria": {
      "has_journal": "2025-01-17 14:19:47 -0500"
    },
    "done": true
  },
  "ars_nouveau:recipes/building_blocks/archwood_fence_gate": {
    "criteria": {
      "has_journal": "2025-01-17 14:19:47 -0500"
    },
    "done": true
  },
  "ars_nouveau:recipes/misc/smooth_sourcestone_alternating_stairs": {
    "criteria": {
      "has_journal": "2025-01-17 14:19:47 -0500"
    },
    "done": true
  },
  "mcwfences:recipes/bamboo": {
    "criteria": {
      "has_bamboo": "2025-01-17 14:19:47 -0500"
    },
    "done": true
  },
  "ae2wtlib:recipe/wireless_pattern_encoding_terminal": {
    "criteria": {
      "has_wt": "2025-01-17 14:19:47 -0500"
    },
    "done": true
  },
  "mcwfencesbop:recipes/pine_hedge": {
    "criteria": {
      "has_birch": "2025-01-17 14:19:47 -0500"
    },
    "done": true
  },
  "ars_additions:recipes/misc/crafting/lanterns/reversed_polished_sourcestone_magelight_lantern": {
    "criteria": {
      "has_journal": "2025-01-17 14:19:47 -0500"
    },
    "done": true
  },
  "ars_nouveau:recipes/misc/source_lamp": {
    "criteria": {
      "has_journal": "2025-01-17 14:19:47 -0500"
    },
    "done": true
  },
  "ars_additions:recipes/misc/crafting/lanterns/reversed_sourcestone_lantern": {
    "criteria": {
      "has_journal": "2025-01-17 14:19:47 -0500"
    },
    "done": true
  },
  "ars_nouveau:recipes/misc/sourcestone_alternating_stairs": {
    "criteria": {
      "has_journal": "2025-01-17 14:19:47 -0500"
    },
    "done": true
  },
  "ars_nouveau:recipes/misc/conjuration_essence_to_soul_sand": {
    "criteria": {
      "has_journal": "2025-01-17 14:19:47 -0500"
    },
    "done": true
  },
  "ars_nouveau:recipes/misc/manipulation_essence_to_deepslate": {
    "criteria": {
      "has_journal": "2025-01-17 14:19:47 -0500"
    },
    "done": true
  },
  "ae2wtlib:recipe/wireless_universal_terminal/upgrade_crafting": {
    "criteria": {
      "has_wct": "2025-01-17 14:19:47 -0500"
    },
    "done": true
  },
  "ars_nouveau:recipes/misc/gilded_sourcestone_basketweave_to_sourcestone": {
    "criteria": {
      "has_journal": "2025-01-17 14:19:47 -0500"
    },
    "done": true
  },
  "ars_additions:recipes/misc/handy_haversack": {
    "criteria": {
      "has_journal": "2025-01-17 14:19:47 -0500"
    },
    "done": true
  },
  "ars_additions:recipes/misc/crafting/lanterns/golden_lantern": {
    "criteria": {
      "has_journal": "2025-01-17 14:19:47 -0500"
    },
    "done": true
  },
  "ars_additions:recipes/misc/crafting/walls/polished_sourcestone_wall": {
    "criteria": {
      "has_journal": "2025-01-17 14:19:47 -0500"
    },
    "done": true
  },
  "ars_nouveau:recipes/misc/ritual_forestation": {
    "criteria": {
      "has_journal": "2025-01-17 14:19:47 -0500"
    },
    "done": true
  },
  "ars_additions:recipes/misc/crafting/revert/cracked_sourcestone_to_sourcestone": {
    "criteria": {
      "has_journal": "2025-01-17 14:19:47 -0500"
    },
    "done": true
  },
  "ars_nouveau:recipes/building_blocks/gilded_sourcestone_large_bricks_stonecutter_stair": {
    "criteria": {
      "has_journal": "2025-01-17 14:19:47 -0500"
    },
    "done": true
  },
  "ars_nouveau:recipes/misc/ritual_cloudshaping": {
    "criteria": {
      "has_journal": "2025-01-17 14:19:47 -0500"
    },
    "done": true
  },
  "mcwfences:recipes/spruce": {
    "criteria": {
      "has_spruce": "2025-01-17 14:19:47 -0500"
    },
    "done": true
  },
  "ars_additions:recipes/misc/crafting/lanterns/soul_magelight_lantern": {
    "criteria": {
      "has_journal": "2025-01-17 14:19:47 -0500"
    },
    "done": true
  },
  "ars_nouveau:recipes/misc/magebloom_block": {
    "criteria": {
      "has_journal": "2025-01-17 14:19:47 -0500"
    },
    "done": true
  },
  "ars_nouveau:recipes/misc/blank_parchment": {
    "criteria": {
      "has_journal": "2025-01-17 14:19:47 -0500"
    },
    "done": true
  },
  "ars_nouveau:recipes/misc/smooth_sourcestone_mosaic_to_sourcestone": {
    "criteria": {
      "has_journal": "2025-01-17 14:19:47 -0500"
    },
    "done": true
  },
  "ars_nouveau:recipes/building_blocks/archwood_fence": {
    "criteria": {
      "has_journal": "2025-01-17 14:19:47 -0500"
    },
    "done": true
  },
  "ars_additions:recipes/misc/crafting/lanterns/sourcestone_magelight_lantern": {
    "criteria": {
      "has_journal": "2025-01-17 14:19:47 -0500"
    },
    "done": true
  },
  "ars_nouveau:recipes/misc/archwood_planks": {
    "criteria": {
      "has_journal": "2025-01-17 14:19:47 -0500"
    },
    "done": true
  },
  "ars_nouveau:recipes/misc/potion_jar": {
    "criteria": {
      "has_journal": "2025-01-17 14:19:47 -0500"
    },
    "done": true
  },
  "incendium:technical/on_inventory_change": {
    "criteria": {
      "log_spam_fixer": "2025-01-17 14:29:34 -0500"
    },
    "done": false
  },
  "ars_additions:recipes/decorations/crafting/stonecutter/sourcestone_chain_1": {
    "criteria": {
      "has_journal": "2025-01-17 14:19:47 -0500"
    },
    "done": true
  },
  "ars_additions:recipes/decorations/crafting/stonecutter/sourcestone_chain_0": {
    "criteria": {
      "has_journal": "2025-01-17 14:19:47 -0500"
    },
    "done": true
  },
  "ars_nouveau:recipes/misc/air_essence_to_snow_bucket": {
    "criteria": {
      "has_journal": "2025-01-17 14:19:47 -0500"
    },
    "done": true
  },
  "ars_nouveau:recipes/misc/red_archwood_wood": {
    "criteria": {
      "has_journal": "2025-01-17 14:19:47 -0500"
    },
    "done": true
  },
  "ars_nouveau:recipes/misc/ritual_disintegration": {
    "criteria": {
      "has_journal": "2025-01-17 14:19:47 -0500"
    },
    "done": true
  },
  "ars_nouveau:recipes/building_blocks/smooth_gilded_sourcestone_mosaic_slab": {
    "criteria": {
      "has_journal": "2025-01-17 14:19:47 -0500"
    },
    "done": true
  },
  "ars_nouveau:recipes/misc/ritual_awakening": {
    "criteria": {
      "has_journal": "2025-01-17 14:19:47 -0500"
    },
    "done": true
  },
  "biomesoplenty:biomesoplenty/root": {
    "criteria": {
      "coniferous_forest": "2025-01-17 14:19:47 -0500"
    },
    "done": true
  },
  "ars_additions:recipes/misc/crafting/lanterns/sourcestone_lantern": {
    "criteria": {
      "has_journal": "2025-01-17 14:19:47 -0500"
    },
    "done": true
  },
  "ars_nouveau:recipes/misc/warp_scroll": {
    "criteria": {
      "has_journal": "2025-01-17 14:19:47 -0500"
    },
    "done": true
  },
  "ars_nouveau:recipes/misc/mimic_scroll": {
    "criteria": {
      "has_journal": "2025-01-17 14:19:47 -0500"
    },
    "done": true
  },
  "mcwfencesbop:recipes/yellow_maple_hedge": {
    "criteria": {
      "has_birch": "2025-01-17 14:19:47 -0500"
    },
    "done": true
  },
  "mcwfencesbop:recipes/rainbow_birch_hedge": {
    "criteria": {
      "has_birch": "2025-01-17 14:19:47 -0500"
    },
    "done": true
  },
  "ars_nouveau:recipes/misc/red_sbed": {
    "criteria": {
      "has_journal": "2025-01-17 14:19:47 -0500"
    },
    "done": true
  },
  "ars_nouveau:recipes/misc/redstone_relay": {
    "criteria": {
      "has_journal": "2025-01-17 14:19:47 -0500"
    },
    "done": true
  },
  "ars_nouveau:recipes/misc/starbuncle_shades": {
    "criteria": {
      "has_journal": "2025-01-17 14:19:47 -0500"
    },
    "done": true
  },
  "ars_nouveau:recipes/misc/archwood_grate": {
    "criteria": {
      "has_journal": "2025-01-17 14:19:47 -0500"
    },
    "done": true
  },
  "ars_nouveau:recipes/misc/source_jar": {
    "criteria": {
      "has_journal": "2025-01-17 14:19:47 -0500"
    },
    "done": true
  },
  "ars_nouveau:recipes/building_blocks/gilded_sourcestone_basketweave_stonecutter_stair": {
    "criteria": {
      "has_journal": "2025-01-17 14:19:47 -0500"
    },
    "done": true
  },
  "ars_nouveau:recipes/misc/clear_wixie_charm": {
    "criteria": {
      "has_journal": "2025-01-17 14:19:47 -0500"
    },
    "done": true
  },
  "ars_nouveau:recipes/building_blocks/sourcestone_basketweave_stonecutter_stair": {
    "criteria": {
      "has_journal": "2025-01-17 14:19:47 -0500"
    },
    "done": true
  },
  "ars_nouveau:recipes/building_blocks/smooth_sourcestone_alternating_stonecutter_stair": {
    "criteria": {
      "has_journal": "2025-01-17 14:19:47 -0500"
    },
    "done": true
  },
  "ars_additions:recipes/misc/crafting/lanterns/archwood_magelight_lantern": {
    "criteria": {
      "has_journal": "2025-01-17 14:19:47 -0500"
    },
    "done": true
  },
  "ars_nouveau:recipes/building_blocks/smooth_gilded_sourcestone_basketweave_slab": {
    "criteria": {
      "has_journal": "2025-01-17 14:19:47 -0500"
    },
    "done": true
  },
  "ars_nouveau:recipes/misc/mundane_belt": {
    "criteria": {
      "has_journal": "2025-01-17 14:19:47 -0500"
    },
    "done": true
  },
  "ars_nouveau:recipes/building_blocks/smooth_gilded_sourcestone_small_bricks_stone_cutterslab": {
    "criteria": {
      "has_journal": "2025-01-17 14:19:47 -0500"
    },
    "done": true
  },
  "ars_nouveau:recipes/building_blocks/smooth_sourcestone_large_bricks_stone_cutterslab": {
    "criteria": {
      "has_journal": "2025-01-17 14:19:47 -0500"
    },
    "done": true
  },
  "ars_nouveau:recipes/misc/mob_jar": {
    "criteria": {
      "has_journal": "2025-01-17 14:19:47 -0500"
    },
    "done": true
  },
  "ars_nouveau:recipes/misc/challenge_2": {
    "criteria": {
      "has_journal": "2025-01-17 14:19:47 -0500"
    },
    "done": true
  },
  "ars_nouveau:recipes/building_blocks/sourcestone_basketweave_slab": {
    "criteria": {
      "has_journal": "2025-01-17 14:19:47 -0500"
    },
    "done": true
  },
  "ars_nouveau:recipes/building_blocks/gilded_sourcestone_basketweave_slab": {
    "criteria": {
      "has_journal": "2025-01-17 14:19:47 -0500"
    },
    "done": true
  },
  "ars_nouveau:recipes/misc/manipulation_essence_to_flourishing_sapling": {
    "criteria": {
      "has_journal": "2025-01-17 14:19:47 -0500"
    },
    "done": true
  },
  "ars_nouveau:recipes/building_blocks/sourcestone_alternating_stone_cutterslab": {
    "criteria": {
      "has_journal": "2025-01-17 14:19:47 -0500"
    },
    "done": true
  },
  "mcwfencesbop:recipes/palm_hedge": {
    "criteria": {
      "has_birch": "2025-01-17 14:19:47 -0500"
    },
    "done": true
  },
  "ars_additions:recipes/misc/crafting/trapdoors/polished_sourcestone_trapdoor": {
    "criteria": {
      "has_journal": "2025-01-17 14:19:47 -0500"
    },
    "done": true
  },
  "betterdungeons:root": {
    "criteria": {
      "always": "2025-01-17 14:19:47 -0500"
    },
    "done": true
  },
  "ars_nouveau:recipes/misc/smooth_sourcestone_basketweave_to_sourcestone": {
    "criteria": {
      "has_journal": "2025-01-17 14:19:47 -0500"
    },
    "done": true
  },
  "incendium:technical/holy_wrath": {
    "criteria": {
      "log_spam_fixer": "2025-01-17 14:29:34 -0500"
    },
    "done": false
  },
  "ars_nouveau:recipes/misc/item_detector": {
    "criteria": {
      "has_journal": "2025-01-17 14:19:47 -0500"
    },
    "done": true
  },
  "ars_nouveau:recipes/misc/ritual_warping": {
    "criteria": {
      "has_journal": "2025-01-17 14:19:47 -0500"
    },
    "done": true
  },
  "ars_nouveau:recipes/misc/gilded_sourcestone_small_bricks_to_sourcestone": {
    "criteria": {
      "has_journal": "2025-01-17 14:19:47 -0500"
    },
    "done": true
  },
  "ars_nouveau:recipes/misc/ghostweave": {
    "criteria": {
      "has_journal": "2025-01-17 14:19:47 -0500"
    },
    "done": true
  },
  "ars_nouveau:recipes/misc/manipulation_essence_to_vexing_sapling": {
    "criteria": {
      "has_journal": "2025-01-17 14:19:47 -0500"
    },
    "done": true
  },
  "ars_nouveau:recipes/building_blocks/gilded_sourcestone_mosaic_slab": {
    "criteria": {
      "has_journal": "2025-01-17 14:19:47 -0500"
    },
    "done": true
  },
  "incendium:technical/on_block": {
    "criteria": {
      "log_spam_fixer": "2025-01-17 14:29:34 -0500"
    },
    "done": false
  },
  "ars_additions:recipes/misc/crafting/chains/sourcestone_chain": {
    "criteria": {
      "has_journal": "2025-01-17 14:19:47 -0500"
    },
    "done": true
  },
  "ars_nouveau:recipes/misc/reset_stable_warp_scroll": {
    "criteria": {
      "has_journal": "2025-01-17 14:19:47 -0500"
    },
    "done": true
  },
  "ars_nouveau:recipes/building_blocks/smooth_sourcestone_large_bricks_slab": {
    "criteria": {
      "has_journal": "2025-01-17 14:19:47 -0500"
    },
    "done": true
  },
  "ars_nouveau:recipes/misc/sourcestone_large_bricks_to_sourcestone": {
    "criteria": {
      "has_journal": "2025-01-17 14:19:47 -0500"
    },
    "done": true
  },
  "ars_nouveau:recipes/misc/arcane_core": {
    "criteria": {
      "has_journal": "2025-01-17 14:19:47 -0500"
    },
    "done": true
  },
  "ars_nouveau:recipes/building_blocks/smooth_sourcestone_mosaic_slab": {
    "criteria": {
      "has_journal": "2025-01-17 14:19:47 -0500"
    },
    "done": true
  },
  "incendium:technical/using/shield": {
    "criteria": {
      "log_spam_fixer": "2025-01-17 14:19:47 -0500"
    },
    "done": false
  },
  "solonion:recipes/food_book": {
    "criteria": {
      "has_potato": "2025-01-17 14:19:47 -0500",
      "has_book": "2025-01-17 14:19:47 -0500"
    },
    "done": true
  },
  "ars_elemental:recipes/misc/caster_bag": {
    "criteria": {
      "has_journal": "2025-01-17 14:19:47 -0500"
    },
    "done": true
  },
  "mcwfencesbop:recipes/cypress_hedge": {
    "criteria": {
      "has_birch": "2025-01-17 14:19:47 -0500"
    },
    "done": true
  },
  "ars_nouveau:recipes/misc/ritual_containment": {
    "criteria": {
      "has_journal": "2025-01-17 14:19:47 -0500"
    },
    "done": true
  },
  "ars_nouveau:recipes/misc/ritual_flowering": {
    "criteria": {
      "has_journal": "2025-01-17 14:19:47 -0500"
    },
    "done": true
  },
  "ars_nouveau:recipes/misc/purple_sbed": {
    "criteria": {
      "has_journal": "2025-01-17 14:19:47 -0500"
    },
    "done": true
  },
  "ars_nouveau:recipes/building_blocks/smooth_gilded_sourcestone_large_bricks_slab": {
    "criteria": {
      "has_journal": "2025-01-17 14:19:47 -0500"
    },
    "done": true
  },
  "ars_nouveau:recipes/misc/smooth_sourcestone_basketweave_stairs": {
    "criteria": {
      "has_journal": "2025-01-17 14:19:47 -0500"
    },
    "done": true
  },
  "ars_nouveau:recipes/misc/sourceberry_sack": {
    "criteria": {
      "has_journal": "2025-01-17 14:19:47 -0500"
    },
    "done": true
  },
  "mcwfencesbop:recipes/mahogany_hedge": {
    "criteria": {
      "has_birch": "2025-01-17 14:19:47 -0500"
    },
    "done": true
  },
  "ars_nouveau:recipes/misc/manipulation_essence_to_blazin_sapling": {
    "criteria": {
      "has_journal": "2025-01-17 14:19:47 -0500"
    },
    "done": true
  },
  "ars_nouveau:recipes/building_blocks/gilded_sourcestone_mosaic_stone_cutterslab": {
    "criteria": {
      "has_journal": "2025-01-17 14:19:47 -0500"
    },
    "done": true
  },
  "mcwfences:recipes/birch": {
    "criteria": {
      "has_birch": "2025-01-17 14:19:47 -0500"
    },
    "done": true
  },
  "ars_nouveau:recipes/building_blocks/gilded_sourcestone_small_bricks_stone_cutterslab": {
    "criteria": {
      "has_journal": "2025-01-17 14:19:47 -0500"
    },
    "done": true
  },
  "ars_nouveau:recipes/misc/manipulation_essence_to_tuff": {
    "criteria": {
      "has_journal": "2025-01-17 14:19:47 -0500"
    },
    "done": true
  },
  "ars_nouveau:recipes/misc/purple_archwood_wood": {
    "criteria": {
      "has_journal": "2025-01-17 14:19:47 -0500"
    },
    "done": true
  },
  "ars_nouveau:recipes/building_blocks/sourcestone_small_bricks_stone_cutterslab": {
    "criteria": {
      "has_journal": "2025-01-17 14:19:47 -0500"
    },
    "done": true
  },
  "ars_nouveau:recipes/misc/gilded_sourcestone_mosaic_stairs": {
    "criteria": {
      "has_journal": "2025-01-17 14:19:47 -0500"
    },
    "done": true
  },
  "ars_elemental:recipes/building_blocks/stripped_yellow_archwood": {
    "criteria": {
      "has_journal": "2025-01-17 14:19:47 -0500"
    },
    "done": true
  },
  "ars_nouveau:recipes/misc/sconce": {
    "criteria": {
      "has_journal": "2025-01-17 14:19:47 -0500"
    },
    "done": true
  },
  "ars_nouveau:recipes/misc/gilded_sourcestone_small_bricks_stairs": {
    "criteria": {
      "has_journal": "2025-01-17 14:19:47 -0500"
    },
    "done": true
  },
  "ars_additions:recipes/misc/crafting/lanterns/golden_magelight_lantern": {
    "criteria": {
      "has_journal": "2025-01-17 14:19:47 -0500"
    },
    "done": true
  },
  "ars_nouveau:recipes/misc/smooth_gilded_sourcestone_small_bricks_to_sourcestone": {
    "criteria": {
      "has_journal": "2025-01-17 14:19:47 -0500"
    },
    "done": true
  },
  "ars_nouveau:recipes/misc/clear_amethyst_golem_charm": {
    "criteria": {
      "has_journal": "2025-01-17 14:19:47 -0500"
    },
    "done": true
  },
  "mcwfences:recipes/stone": {
    "criteria": {
      "has_stone": "2025-01-17 14:19:47 -0500"
    },
    "done": true
  },
  "mcwfences:recipes/end": {
    "criteria": {
      "has_end_brick": "2025-01-17 14:19:47 -0500"
    },
    "done": true
  },
  "ars_nouveau:recipes/misc/arcane_pedestal": {
    "criteria": {
      "has_journal": "2025-01-17 14:19:47 -0500"
    },
    "done": true
  },
  "ars_additions:recipes/misc/clear_xp_jar": {
    "criteria": {
      "has_journal": "2025-01-17 14:19:47 -0500"
    },
    "done": true
  },
  "ae2wtlib:recipe/magnet_card": {
    "criteria": {
      "has_wct": "2025-01-17 14:19:47 -0500"
    },
    "done": true
  },
  "ars_nouveau:recipes/misc/clear_alakarkinos_charm": {
    "criteria": {
      "has_journal": "2025-01-17 14:19:47 -0500"
    },
    "done": true
  },
  "ars_nouveau:recipes/misc/fire_essence_to_charge": {
    "criteria": {
      "has_journal": "2025-01-17 14:19:47 -0500"
    },
    "done": true
  },
  "ars_additions:recipes/misc/wayfinder": {
    "criteria": {
      "has_journal": "2025-01-17 14:19:47 -0500"
    },
    "done": true
  },
  "ars_nouveau:recipes/misc/ritual_gravity": {
    "criteria": {
      "has_journal": "2025-01-17 14:19:47 -0500"
    },
    "done": true
  },
  "ars_additions:recipes/misc/clear_handy_haversack": {
    "criteria": {
      "has_journal": "2025-01-17 14:19:47 -0500"
    },
    "done": true
  },
  "ars_nouveau:recipes/building_blocks/smooth_sourcestone_basketweave_slab": {
    "criteria": {
      "has_journal": "2025-01-17 14:19:47 -0500"
    },
    "done": true
  },
  "incendium:technical/inventory/sentrys_wrath": {
    "criteria": {
      "log_spam_fixer": "2025-01-17 14:29:34 -0500"
    },
    "done": false
  },
  "ars_nouveau:recipes/building_blocks/smooth_sourcestone_mosaic_stonecutter_stair": {
    "criteria": {
      "has_journal": "2025-01-17 14:19:47 -0500"
    },
    "done": true
  },
  "ars_nouveau:recipes/building_blocks/smooth_sourcestone_small_bricks_stone_cutterslab": {
    "criteria": {
      "has_journal": "2025-01-17 14:19:47 -0500"
    },
    "done": true
  },
  "ars_nouveau:recipes/building_blocks/gilded_sourcestone_mosaic_stonecutter_stair": {
    "criteria": {
      "has_journal": "2025-01-17 14:19:47 -0500"
    },
    "done": true
  },
  "ars_nouveau:recipes/misc/ritual_scrying": {
    "criteria": {
      "has_journal": "2025-01-17 14:19:47 -0500"
    },
    "done": true
  },
  "ars_nouveau:recipes/misc/novice_spell_book": {
    "criteria": {
      "has_journal": "2025-01-17 14:19:47 -0500"
    },
    "done": true
  },
  "ars_nouveau:recipes/misc/sourcestone_basketweave_to_sourcestone": {
    "criteria": {
      "has_journal": "2025-01-17 14:19:47 -0500"
    },
    "done": true
  },
  "ars_nouveau:recipes/building_blocks/smooth_sourcestone_basketweave_stonecutter_stair": {
    "criteria": {
      "has_journal": "2025-01-17 14:19:47 -0500"
    },
    "done": true
  },
  "mcwfencesbop:recipes/red_maple_hedge": {
    "criteria": {
      "has_birch": "2025-01-17 14:19:47 -0500"
    },
    "done": true
  },
  "ars_nouveau:recipes/misc/smooth_gilded_sourcestone_large_bricks_to_sourcestone": {
    "criteria": {
      "has_journal": "2025-01-17 14:19:47 -0500"
    },
    "done": true
  },
  "mcwfencesbop:recipes/hellbark_hedge": {
    "criteria": {
      "has_birch": "2025-01-17 14:19:47 -0500"
    },
    "done": true
  },
  "mcwfencesbop:recipes/jacaranda_hedge": {
    "criteria": {
      "has_birch": "2025-01-17 14:19:47 -0500"
    },
    "done": true
  },
  "ars_additions:recipes/misc/crafting/chains/reversed_sourcestone_chain": {
    "criteria": {
      "has_journal": "2025-01-17 14:19:47 -0500"
    },
    "done": true
  },
  "mcwfencesbop:recipes/umbran_hedge": {
    "criteria": {
      "has_birch": "2025-01-17 14:19:47 -0500"
    },
    "done": true
  },
  "ars_additions:recipes/misc/crafting/chains/archwood_chain": {
    "criteria": {
      "has_journal": "2025-01-17 14:19:47 -0500"
    },
    "done": true
  },
  "ars_nouveau:recipes/misc/manipulation_essence_to_cascading_sapling": {
    "criteria": {
      "has_journal": "2025-01-17 14:19:47 -0500"
    },
    "done": true
  },
  "ars_nouveau:recipes/misc/alchemical_sourcelink": {
    "criteria": {
      "has_journal": "2025-01-17 14:19:47 -0500"
    },
    "done": true
  },
  "ars_additions:recipes/misc/crafting/walls/sourcestone_wall": {
    "criteria": {
      "has_journal": "2025-01-17 14:19:47 -0500"
    },
    "done": true
  },
  "ars_nouveau:recipes/misc/source_berry_roll": {
    "criteria": {
      "has_journal": "2025-01-17 14:19:47 -0500"
    },
    "done": true
  },
  "incendium:technical/feed_ghastling": {
    "criteria": {
      "log_spam_fixer": "2025-01-17 14:29:34 -0500"
    },
    "done": false
  },
  "occultism:chalks/root": {
    "criteria": {
      "always": "2025-01-17 14:19:47 -0500"
    },
    "done": true
  },
  "ars_nouveau:recipes/building_blocks/sourcestone_mosaic_stonecutter_stair": {
    "criteria": {
      "has_journal": "2025-01-17 14:19:47 -0500"
    },
    "done": true
  },
  "theurgy:book_root": {
    "criteria": {
      "theurgy_present": "2025-01-17 14:19:47 -0500"
    },
    "done": true
  },
  "ars_nouveau:recipes/misc/smooth_sourcestone_alternating_to_sourcestone": {
    "criteria": {
      "has_journal": "2025-01-17 14:19:47 -0500"
    },
    "done": true
  },
  "ars_nouveau:recipes/misc/falseweave": {
    "criteria": {
      "has_journal": "2025-01-17 14:19:47 -0500"
    },
    "done": true
  },
  "mcwfences:recipes/sandstone": {
    "criteria": {
      "has_sand": "2025-01-17 14:19:47 -0500"
    },
    "done": true
  },
  "ars_nouveau:recipes/misc/scribes_table": {
    "criteria": {
      "has_journal": "2025-01-17 14:19:47 -0500"
    },
    "done": true
  },
  "ars_nouveau:recipes/misc/manipulation_essence_to_calcite": {
    "criteria": {
      "has_journal": "2025-01-17 14:19:47 -0500"
    },
    "done": true
  },
  "ars_nouveau:recipes/building_blocks/sourcestone_large_bricks_slab": {
    "criteria": {
      "has_journal": "2025-01-17 14:19:47 -0500"
    },
    "done": true
  },
  "ars_nouveau:recipes/misc/archwood_trapdoor": {
    "criteria": {
      "has_journal": "2025-01-17 14:19:47 -0500"
    },
    "done": true
  },
  "ars_nouveau:recipes/misc/clear_allow": {
    "criteria": {
      "has_journal": "2025-01-17 14:19:47 -0500"
    },
    "done": true
  },
  "ars_nouveau:recipes/misc/green_sbed": {
    "criteria": {
      "has_journal": "2025-01-17 14:19:47 -0500"
    },
    "done": true
  },
  "ars_nouveau:recipes/building_blocks/gilded_sourcestone_alternating_slab": {
    "criteria": {
      "has_journal": "2025-01-17 14:19:47 -0500"
    },
    "done": true
  },
  "ars_additions:recipes/decorations/crafting/stonecutter/polished_sourcestone_trapdoor_0": {
    "criteria": {
      "has_journal": "2025-01-17 14:19:47 -0500"
    },
    "done": true
  },
  "mcwfences:recipes/acacia": {
    "criteria": {
      "has_acacia": "2025-01-17 14:19:47 -0500"
    },
    "done": true
  },
  "ars_nouveau:recipes/misc/smooth_gilded_sourcestone_basketweave_to_sourcestone": {
    "criteria": {
      "has_journal": "2025-01-17 14:19:47 -0500"
    },
    "done": true
  },
  "ars_additions:recipes/misc/crafting/doors/polished_sourcestone_door": {
    "criteria": {
      "has_journal": "2025-01-17 14:19:47 -0500"
    },
    "done": true
  },
  "ars_nouveau:recipes/misc/horn_to_bonemeal": {
    "criteria": {
      "has_journal": "2025-01-17 14:19:47 -0500"
    },
    "done": true
  },
  "ars_nouveau:recipes/building_blocks/smooth_gilded_sourcestone_small_bricks_slab": {
    "criteria": {
      "has_journal": "2025-01-17 14:19:47 -0500"
    },
    "done": true
  },
  "mcwfencesbop:recipes/dead_hedge": {
    "criteria": {
      "has_birch": "2025-01-17 14:19:47 -0500"
    },
    "done": true
  },
  "mcwfencesbop:recipes/snowblossom_hedge": {
    "criteria": {
      "has_birch": "2025-01-17 14:19:47 -0500"
    },
    "done": true
  },
  "ars_elemental:recipes/misc/tablet_ritual_squirrels": {
    "criteria": {
      "has_journal": "2025-01-17 14:19:47 -0500"
    },
    "done": true
  },
  "ars_additions:recipes/misc/crafting/revert/cracked_polished_sourcestone_large_bricks_to_sourcestone": {
    "criteria": {
      "has_journal": "2025-01-17 14:19:47 -0500"
    },
    "done": true
  },
  "ars_nouveau:recipes/building_blocks/smooth_sourcestone_large_bricks_stonecutter_stair": {
    "criteria": {
      "has_journal": "2025-01-17 14:19:47 -0500"
    },
    "done": true
  },
  "mcwfences:recipes/oak": {
    "criteria": {
      "has_oak": "2025-01-17 14:19:47 -0500"
    },
    "done": true
  },
  "ars_nouveau:recipes/building_blocks/smooth_gilded_sourcestone_alternating_slab": {
    "criteria": {
      "has_journal": "2025-01-17 14:19:47 -0500"
    },
    "done": true
  },
  "ars_nouveau:recipes/misc/smooth_sourcestone_large_bricks_to_sourcestone": {
    "criteria": {
      "has_journal": "2025-01-17 14:19:47 -0500"
    },
    "done": true
  },
  "ars_nouveau:recipes/misc/worn_notebook": {
    "criteria": {
      "has_journal": "2025-01-17 14:19:47 -0500"
    },
    "done": true
  },
  "mcwfencesbop:recipes/willow_hedge": {
    "criteria": {
      "has_birch": "2025-01-17 14:19:47 -0500"
    },
    "done": true
  },
  "ars_nouveau:recipes/misc/potion_jar_empty": {
    "criteria": {
      "has_journal": "2025-01-17 14:19:47 -0500"
    },
    "done": true
  },
  "ars_nouveau:recipes/misc/fire_essence_to_magma_block": {
    "criteria": {
      "has_journal": "2025-01-17 14:19:47 -0500"
    },
    "done": true
  },
  "biomesoplenty:biomesoplenty/all_biomes": {
    "criteria": {
      "coniferous_forest": "2025-01-17 14:19:47 -0500"
    },
    "done": false
  },
  "ars_nouveau:recipes/misc/source_gem_block": {
    "criteria": {
      "has_journal": "2025-01-17 14:19:47 -0500"
    },
    "done": true
  },
  "ars_additions:recipes/decorations/crafting/stonecutter/sourcestone_wall_0": {
    "criteria": {
      "has_journal": "2025-01-17 14:19:47 -0500"
    },
    "done": true
  },
  "ars_nouveau:recipes/misc/water_essence_to_obsidian": {
    "criteria": {
      "has_journal": "2025-01-17 14:19:47 -0500"
    },
    "done": true
  },
  "ars_nouveau:recipes/misc/smooth_sourcestone_mosaic_stairs": {
    "criteria": {
      "has_journal": "2025-01-17 14:19:47 -0500"
    },
    "done": true
  },
  "ars_nouveau:recipes/building_blocks/stripped_purple_archwood_wood": {
    "criteria": {
      "has_journal": "2025-01-17 14:19:47 -0500"
    },
    "done": true
  },
  "ars_additions:recipes/misc/crafting/walls/cracked_polished_sourcestone_wall": {
    "criteria": {
      "has_journal": "2025-01-17 14:19:47 -0500"
    },
    "done": true
  },
  "ars_nouveau:recipes/building_blocks/archwood_pressure_plate": {
    "criteria": {
      "has_journal": "2025-01-17 14:19:47 -0500"
    },
    "done": true
  },
  "mcwfences:recipes/mud_brick": {
    "criteria": {
      "has_qq": "2025-01-17 14:19:47 -0500"
    },
    "done": true
  },
  "ars_nouveau:recipes/misc/repository": {
    "criteria": {
      "has_journal": "2025-01-17 14:19:47 -0500"
    },
    "done": true
  },
  "ars_nouveau:recipes/misc/deny_scroll": {
    "criteria": {
      "has_journal": "2025-01-17 14:19:47 -0500"
    },
    "done": true
  },
  "ars_nouveau:recipes/misc/archwood_to_chest": {
    "criteria": {
      "has_journal": "2025-01-17 14:19:47 -0500"
    },
    "done": true
  },
  "ars_nouveau:recipes/misc/sourcestone_mosaic_stairs": {
    "criteria": {
      "has_journal": "2025-01-17 14:19:47 -0500"
    },
    "done": true
  },
  "lootr:root": {
    "criteria": {
      "always_true": "2025-01-17 14:19:47 -0500"
    },
    "done": true
  },
  "mcwfences:recipes/blackstone": {
    "criteria": {
      "has_blackstone": "2025-01-17 14:19:47 -0500"
    },
    "done": true
  },
  "incendium:technical/firestorm": {
    "criteria": {
      "log_spam_fixer": "2025-01-17 14:29:34 -0500"
    },
    "done": false
  },
  "ars_nouveau:recipes/misc/clear_whirlisprig_charm": {
    "criteria": {
      "has_journal": "2025-01-17 14:19:47 -0500"
    },
    "done": true
  },
  "ars_nouveau:recipes/misc/rotating_spell_turret": {
    "criteria": {
      "has_journal": "2025-01-17 14:19:47 -0500"
    },
    "done": true
  },
  "modern_industrialization:guidebook": {
    "criteria": {
      "logged_in": "2025-01-17 14:19:47 -0500"
    },
    "done": true
  },
  "ars_nouveau:recipes/misc/blue_archwood_wood": {
    "criteria": {
      "has_journal": "2025-01-17 14:19:47 -0500"
    },
    "done": true
  },
  "ars_nouveau:recipes/building_blocks/sourcestone_large_bricks_stone_cutterslab": {
    "criteria": {
      "has_journal": "2025-01-17 14:19:47 -0500"
    },
    "done": true
  },
  "mcwfences:recipes/hedge": {
    "criteria": {
      "has_birch": "2025-01-17 14:19:47 -0500"
    },
    "done": true
  },
  "ars_nouveau:recipes/misc/manipulation_essence_to_granite": {
    "criteria": {
      "has_journal": "2025-01-17 14:19:47 -0500"
    },
    "done": true
  },
  "incendium:technical/inventory/firestorm": {
    "criteria": {
      "log_spam_fixer": "2025-01-17 14:29:34 -0500"
    },
    "done": false
  },
  "ars_nouveau:recipes/misc/smooth_gilded_sourcestone_alternating_to_sourcestone": {
    "criteria": {
      "has_journal": "2025-01-17 14:19:47 -0500"
    },
    "done": true
  },
  "ars_additions:recipes/misc/crafting/revert/cracked_sourcestone_small_bricks_to_sourcestone": {
    "criteria": {
      "has_journal": "2025-01-17 14:19:47 -0500"
    },
    "done": true
  },
  "betterdeserttemples:root": {
    "criteria": {
      "always": "2025-01-17 14:19:47 -0500"
    },
    "done": true
  },
  "ars_additions:recipes/misc/crafting/buttons/polished_sourcestone_button": {
    "criteria": {
      "has_journal": "2025-01-17 14:19:47 -0500"
    },
    "done": true
  },
  "ars_nouveau:recipes/misc/manipulation_essence_to_grass_block": {
    "criteria": {
      "has_journal": "2025-01-17 14:19:47 -0500"
    },
    "done": true
  },
  "ars_nouveau:recipes/misc/greater_experience_gem": {
    "criteria": {
      "has_journal": "2025-01-17 14:19:47 -0500"
    },
    "done": true
  },
  "ars_nouveau:recipes/misc/smooth_gilded_sourcestone_mosaic_stairs": {
    "criteria": {
      "has_journal": "2025-01-17 14:19:47 -0500"
    },
    "done": true
  },
  "ars_nouveau:recipes/misc/clear_starbuncle_shard": {
    "criteria": {
      "has_journal": "2025-01-17 14:19:47 -0500"
    },
    "done": true
  },
  "ars_nouveau:recipes/misc/sourceberry_sack_to_bush": {
    "criteria": {
      "has_journal": "2025-01-17 14:19:47 -0500"
    },
    "done": true
  },
  "ars_nouveau:recipes/misc/basic_spell_turret": {
    "criteria": {
      "has_journal": "2025-01-17 14:19:47 -0500"
    },
    "done": true
  },
  "ars_nouveau:recipes/misc/smooth_gilded_sourcestone_small_bricks_stairs": {
    "criteria": {
      "has_journal": "2025-01-17 14:19:47 -0500"
    },
    "done": true
  },
  "ars_elemental:recipes/misc/tablet_ritual_detection": {
    "criteria": {
      "has_journal": "2025-01-17 14:19:47 -0500"
    },
    "done": true
  },
  "ars_nouveau:recipes/misc/ritual_harvest": {
    "criteria": {
      "has_journal": "2025-01-17 14:19:47 -0500"
    },
    "done": true
  },
  "incendium:technical/give_ghastling": {
    "criteria": {
      "log_spam_fixer": "2025-01-17 14:29:34 -0500"
    },
    "done": false
  },
  "ars_nouveau:recipes/building_blocks/smooth_sourcestone_small_bricks_slab": {
    "criteria": {
      "has_journal": "2025-01-17 14:19:47 -0500"
    },
    "done": true
  },
  "ae2wtlib:recipe/wireless_pattern_access_terminal": {
    "criteria": {
      "has_wt": "2025-01-17 14:19:47 -0500"
    },
    "done": true
  },
  "ars_nouveau:recipes/building_blocks/sourcestone_alternating_stonecutter_stair": {
    "criteria": {
      "has_journal": "2025-01-17 14:19:47 -0500"
    },
    "done": true
  },
  "mcwfencesbop:recipes/fir_hedge": {
    "criteria": {
      "has_birch": "2025-01-17 14:19:47 -0500"
    },
    "done": true
  },
  "apothic_spawners:capturing": {
    "criteria": {
      "egg": "2025-01-17 14:19:47 -0500"
    },
    "done": true
  },
  "ars_nouveau:recipes/building_blocks/smooth_sourcestone_stone_cutterslab": {
    "criteria": {
      "has_journal": "2025-01-17 14:19:47 -0500"
    },
    "done": true
  },
  "ars_additions:recipes/misc/crafting/chains/reversed_polished_sourcestone_chain": {
    "criteria": {
      "has_journal": "2025-01-17 14:19:47 -0500"
    },
    "done": true
  },
  "ars_nouveau:recipes/building_blocks/gilded_sourcestone_small_bricks_slab": {
    "criteria": {
      "has_journal": "2025-01-17 14:19:47 -0500"
    },
    "done": true
  },
  "ars_nouveau:recipes/misc/archwood_stairs": {
    "criteria": {
      "has_journal": "2025-01-17 14:19:47 -0500"
    },
    "done": true
  },
  "ars_nouveau:recipes/misc/smooth_sourcestone_large_bricks_stairs": {
    "criteria": {
      "has_journal": "2025-01-17 14:19:47 -0500"
    },
    "done": true
  },
  "ars_nouveau:recipes/misc/scryers_crystal": {
    "criteria": {
      "has_journal": "2025-01-17 14:19:47 -0500"
    },
    "done": true
  },
  "ars_nouveau:recipes/misc/smooth_gilded_sourcestone_basketweave_stairs": {
    "criteria": {
      "has_journal": "2025-01-17 14:19:47 -0500"
    },
    "done": true
  },
  "incendium:technical/scroll_of_returning": {
    "criteria": {
      "log_spam_fixer": "2025-01-17 14:19:47 -0500"
    },
    "done": false
  },
  "ars_nouveau:recipes/building_blocks/stripped_red_archwood_wood": {
    "criteria": {
      "has_journal": "2025-01-17 14:19:47 -0500"
    },
    "done": true
  },
  "ars_additions:recipes/misc/crafting/revert/cracked_sourcestone_large_bricks_to_sourcestone": {
    "criteria": {
      "has_journal": "2025-01-17 14:19:47 -0500"
    },
    "done": true
  },
  "ars_nouveau:recipes/misc/enchanting_apparatus": {
    "criteria": {
      "has_journal": "2025-01-17 14:19:47 -0500"
    },
    "done": true
  },
  "ars_nouveau:recipes/misc/sourcestone_basketweave_stairs": {
    "criteria": {
      "has_journal": "2025-01-17 14:19:47 -0500"
    },
    "done": true
  },
  "ars_nouveau:recipes/building_blocks/smooth_sourcestone_alternating_slab": {
    "criteria": {
      "has_journal": "2025-01-17 14:19:47 -0500"
    },
    "done": true
  },
  "mcwfences:recipes/deepslate": {
    "criteria": {
      "has_deepslate": "2025-01-17 14:19:47 -0500"
    },
    "done": true
  },
  "ars_nouveau:recipes/misc/dowsing_rod": {
    "criteria": {
      "has_journal": "2025-01-17 14:19:47 -0500"
    },
    "done": true
  },
  "ars_nouveau:recipes/misc/smooth_sourcestone_small_bricks_to_sourcestone": {
    "criteria": {
      "has_journal": "2025-01-17 14:19:47 -0500"
    },
    "done": true
  },
  "ars_nouveau:recipes/building_blocks/stripped_blue_archwood_wood": {
    "criteria": {
      "has_journal": "2025-01-17 14:19:47 -0500"
    },
    "done": true
  },
  "incendium:technical/multiplex_crossbow": {
    "criteria": {
      "log_spam_fixer": "2025-01-17 14:29:34 -0500"
    },
    "done": false
  },
  "ars_nouveau:recipes/misc/sky_block": {
    "criteria": {
      "has_journal": "2025-01-17 14:19:47 -0500"
    },
    "done": true
  },
  "incendium:technical/using/ragnarok": {
    "criteria": {
      "log_spam_fixer": "2025-01-17 14:19:47 -0500"
    },
    "done": false
  },
  "ars_nouveau:recipes/misc/orange_sbed": {
    "criteria": {
      "has_journal": "2025-01-17 14:19:47 -0500"
    },
    "done": true
  },
  "ars_nouveau:recipes/misc/blank_thread": {
    "criteria": {
      "has_journal": "2025-01-17 14:19:47 -0500"
    },
    "done": true
  },
  "ars_nouveau:recipes/misc/archwood_sconce": {
    "criteria": {
      "has_journal": "2025-01-17 14:19:47 -0500"
    },
    "done": true
  },
  "ars_nouveau:recipes/building_blocks/sourcestone_small_bricks_slab": {
    "criteria": {
      "has_journal": "2025-01-17 14:19:47 -0500"
    },
    "done": true
  },
  "ars_elemental:recipes/misc/tablet_ritual_archwood_forest": {
    "criteria": {
      "has_journal": "2025-01-17 14:19:47 -0500"
    },
    "done": true
  },
  "ars_nouveau:recipes/misc/mycelial_sourcelink": {
    "criteria": {
      "has_journal": "2025-01-17 14:19:47 -0500"
    },
    "done": true
  },
  "ars_additions:recipes/decorations/crafting/stonecutter/polished_sourcestone_button_0": {
    "criteria": {
      "has_journal": "2025-01-17 14:19:47 -0500"
    },
    "done": true
  },
  "ars_nouveau:recipes/building_blocks/smooth_sourcestone_small_bricks_stonecutter_stair": {
    "criteria": {
      "has_journal": "2025-01-17 14:19:47 -0500"
    },
    "done": true
  },
  "ars_nouveau:recipes/misc/water_essence_to_bucket": {
    "criteria": {
      "has_journal": "2025-01-17 14:19:47 -0500"
    },
    "done": true
  },
  "ars_nouveau:recipes/building_blocks/smooth_gilded_sourcestone_large_bricks_stone_cutterslab": {
    "criteria": {
      "has_journal": "2025-01-17 14:19:47 -0500"
    },
    "done": true
  },
  "ars_elemental:recipes/misc/tablet_ritual_attraction": {
    "criteria": {
      "has_journal": "2025-01-17 14:19:47 -0500"
    },
    "done": true
  },
  "ars_nouveau:recipes/building_blocks/smooth_gilded_sourcestone_alternating_stonecutter_stair": {
    "criteria": {
      "has_journal": "2025-01-17 14:19:47 -0500"
    },
    "done": true
  },
  "ars_nouveau:recipes/building_blocks/smooth_sourcestone_mosaic_stone_cutterslab": {
    "criteria": {
      "has_journal": "2025-01-17 14:19:47 -0500"
    },
    "done": true
  },
  "ae2wtlib:recipe/wireless_universal_terminal/upgrade_pattern_encoding": {
    "criteria": {
      "has_wpt": "2025-01-17 14:19:47 -0500"
    },
    "done": true
  },
  "ars_nouveau:recipes/decorations/sourcestone_6": {
    "criteria": {
      "has_journal": "2025-01-17 14:19:47 -0500"
    },
    "done": true
  },
  "ars_nouveau:recipes/decorations/sourcestone_5": {
    "criteria": {
      "has_journal": "2025-01-17 14:19:47 -0500"
    },
    "done": true
  },
  "ars_nouveau:recipes/decorations/sourcestone_8": {
    "criteria": {
      "has_journal": "2025-01-17 14:19:47 -0500"
    },
    "done": true
  },
  "ars_nouveau:recipes/decorations/sourcestone_7": {
    "criteria": {
      "has_journal": "2025-01-17 14:19:47 -0500"
    },
    "done": true
  },
  "ars_nouveau:recipes/decorations/sourcestone_9": {
    "criteria": {
      "has_journal": "2025-01-17 14:19:47 -0500"
    },
    "done": true
  },
  "ars_nouveau:recipes/decorations/sourcestone_2": {
    "criteria": {
      "has_journal": "2025-01-17 14:19:47 -0500"
    },
    "done": true
  },
  "ae2wtlib:recipe/quantum_bridge_card": {
    "criteria": {
      "has_wit": "2025-01-17 14:19:47 -0500",
      "has_wpt": "2025-01-17 14:19:47 -0500",
      "has_wct": "2025-01-17 14:19:47 -0500"
    },
    "done": true
  },
  "ars_nouveau:recipes/decorations/sourcestone_1": {
    "criteria": {
      "has_journal": "2025-01-17 14:19:47 -0500"
    },
    "done": true
  },
  "ars_nouveau:recipes/decorations/sourcestone_4": {
    "criteria": {
      "has_journal": "2025-01-17 14:19:47 -0500"
    },
    "done": true
  },
  "ars_nouveau:recipes/decorations/sourcestone_3": {
    "criteria": {
      "has_journal": "2025-01-17 14:19:47 -0500"
    },
    "done": true
  },
  "ars_nouveau:recipes/misc/sourcestone_small_bricks_stairs": {
    "criteria": {
      "has_journal": "2025-01-17 14:19:47 -0500"
    },
    "done": true
  },
  "ars_additions:recipes/misc/crafting/revert/cracked_polished_sourcestone_small_bricks_to_sourcestone": {
    "criteria": {
      "has_journal": "2025-01-17 14:19:47 -0500"
    },
    "done": true
  },
  "ars_additions:recipes/decorations/crafting/stonecutter/sourcestone_button_0": {
    "criteria": {
      "has_journal": "2025-01-17 14:19:47 -0500"
    },
    "done": true
  },
  "ars_nouveau:recipes/misc/sourcestone_small_bricks_to_sourcestone": {
    "criteria": {
      "has_journal": "2025-01-17 14:19:47 -0500"
    },
    "done": true
  },
  "ars_nouveau:recipes/misc/smooth_sourcestone_small_bricks_stairs": {
    "criteria": {
      "has_journal": "2025-01-17 14:19:47 -0500"
    },
    "done": true
  },
  "ars_nouveau:recipes/misc/sourcestone_sconce": {
    "criteria": {
      "has_journal": "2025-01-17 14:19:47 -0500"
    },
    "done": true
  },
  "ars_additions:recipes/decorations/crafting/stonecutter/cracked_polished_sourcestone_wall_0": {
    "criteria": {
      "has_journal": "2025-01-17 14:19:47 -0500"
    },
    "done": true
  },
  "ars_additions:recipes/misc/crafting/lanterns/magelight_lantern": {
    "criteria": {
      "has_journal": "2025-01-17 14:19:47 -0500"
    },
    "done": true
  },
  "ars_nouveau:recipes/misc/ring_of_potential": {
    "criteria": {
      "has_journal": "2025-01-17 14:19:47 -0500"
    },
    "done": true
  },
  "ars_nouveau:recipes/misc/allow_scroll": {
    "criteria": {
      "has_journal": "2025-01-17 14:19:47 -0500"
    },
    "done": true
  },
  "ars_nouveau:recipes/misc/magebloom_fiber": {
    "criteria": {
      "has_journal": "2025-01-17 14:19:47 -0500"
    },
    "done": true
  },
  "ars_nouveau:recipes/misc/smooth_gilded_sourcestone_alternating_stairs": {
    "criteria": {
      "has_journal": "2025-01-17 14:19:47 -0500"
    },
    "done": true
  },
  "ars_elemental:recipes/misc/tablet_ritual_tesla_coil": {
    "criteria": {
      "has_journal": "2025-01-17 14:19:47 -0500"
    },
    "done": true
  },
  "ars_nouveau:recipes/misc/wilden_summon_alt": {
    "criteria": {
      "has_journal": "2025-01-17 14:19:47 -0500"
    },
    "done": true
  },
  "ars_additions:recipes/decorations/crafting/stonecutter/sourcestone_door_0": {
    "criteria": {
      "has_journal": "2025-01-17 14:19:47 -0500"
    },
    "done": true
  },
  "incendium:technical/using/trailblazer": {
    "criteria": {
      "log_spam_fixer": "2025-01-17 14:19:47 -0500"
    },
    "done": false
  },
  "ars_nouveau:recipes/misc/ritual_conjure_island_plains": {
    "criteria": {
      "has_journal": "2025-01-17 14:19:47 -0500"
    },
    "done": true
  },
  "ars_nouveau:recipes/misc/sourcestone_alternating_to_sourcestone": {
    "criteria": {
      "has_journal": "2025-01-17 14:19:47 -0500"
    },
    "done": true
  },
  "ars_nouveau:recipes/misc/sourcestone_mosaic_to_sourcestone": {
    "criteria": {
      "has_journal": "2025-01-17 14:19:47 -0500"
    },
    "done": true
  },
  "ars_nouveau:recipes/misc/gilded_sourcestone_basketweave_stairs": {
    "criteria": {
      "has_journal": "2025-01-17 14:19:47 -0500"
    },
    "done": true
  },
  "ars_nouveau:recipes/building_blocks/sourcestone_alternating_slab": {
    "criteria": {
      "has_journal": "2025-01-17 14:19:47 -0500"
    },
    "done": true
  },
  "ars_nouveau:recipes/misc/ritual_challenge": {
    "criteria": {
      "has_journal": "2025-01-17 14:19:47 -0500"
    },
    "done": true
  },
  "ars_nouveau:recipes/misc/gilded_sourcestone_alternating_to_sourcestone": {
    "criteria": {
      "has_journal": "2025-01-17 14:19:47 -0500"
    },
    "done": true
  },
  "ars_nouveau:recipes/misc/scry_to_blank_parchment": {
    "criteria": {
      "has_journal": "2025-01-17 14:19:47 -0500"
    },
    "done": true
  },
  "ars_nouveau:recipes/misc/alteration_table": {
    "criteria": {
      "has_journal": "2025-01-17 14:19:47 -0500"
    },
    "done": true
  },
  "ars_nouveau:recipes/misc/experience_gem": {
    "criteria": {
      "has_journal": "2025-01-17 14:19:47 -0500"
    },
    "done": true
  },
  "mcwfencesbop:recipes/magic_hedge": {
    "criteria": {
      "has_birch": "2025-01-17 14:19:47 -0500"
    },
    "done": true
  },
  "ars_nouveau:recipes/misc/conjuration_essence_to_end_stone": {
    "criteria": {
      "has_journal": "2025-01-17 14:19:47 -0500"
    },
    "done": true
  },
  "ars_additions:recipes/misc/crafting/walls/cracked_sourcestone_wall": {
    "criteria": {
      "has_journal": "2025-01-17 14:19:47 -0500"
    },
    "done": true
  },
  "ars_nouveau:recipes/misc/yellow_sbed": {
    "criteria": {
      "has_journal": "2025-01-17 14:19:47 -0500"
    },
    "done": true
  },
  "ars_nouveau:recipes/building_blocks/smooth_gilded_sourcestone_mosaic_stonecutter_stair": {
    "criteria": {
      "has_journal": "2025-01-17 14:19:47 -0500"
    },
    "done": true
  },
  "ars_nouveau:recipes/misc/clear_starbuncle_charm": {
    "criteria": {
      "has_journal": "2025-01-17 14:19:47 -0500"
    },
    "done": true
  },
  "ars_nouveau:recipes/misc/sourcestone_grate": {
    "criteria": {
      "has_journal": "2025-01-17 14:19:47 -0500"
    },
    "done": true
  },
  "ars_nouveau:recipes/misc/ritual_wilden_summon": {
    "criteria": {
      "has_journal": "2025-01-17 14:19:47 -0500"
    },
    "done": true
  },
  "ars_elemental:recipes/misc/spore_blossom_up": {
    "criteria": {
      "has_journal": "2025-01-17 14:19:47 -0500"
    },
    "done": true
  },
  "mcwfencesbop:recipes/redwood_hedge": {
    "criteria": {
      "has_birch": "2025-01-17 14:19:47 -0500"
    },
    "done": true
  },
  "ars_additions:recipes/misc/crafting/lanterns/reversed_sourcestone_magelight_lantern": {
    "criteria": {
      "has_journal": "2025-01-17 14:19:47 -0500"
    },
    "done": true
  },
  "occultism:occultism/root": {
    "criteria": {
      "occultism_present": "2025-01-17 14:19:47 -0500"
    },
    "done": true
  },
  "ars_nouveau:recipes/misc/ritual_conjure_island_desert": {
    "criteria": {
      "has_journal": "2025-01-17 14:19:47 -0500"
    },
    "done": true
  },
  "ars_nouveau:recipes/misc/mirrorweave": {
    "criteria": {
      "has_journal": "2025-01-17 14:19:47 -0500"
    },
    "done": true
  },
  "ars_nouveau:recipes/misc/magebloom_to_pink": {
    "criteria": {
      "has_journal": "2025-01-17 14:19:47 -0500"
    },
    "done": true
  },
  "ars_nouveau:recipes/misc/gold_grate": {
    "criteria": {
      "has_journal": "2025-01-17 14:19:47 -0500"
    },
    "done": true
  },
  "mcwfencesbop:recipes/orange_maple_hedge": {
    "criteria": {
      "has_birch": "2025-01-17 14:19:47 -0500"
    },
    "done": true
  },
  "ars_nouveau:recipes/building_blocks/smooth_sourcestone_alternating_stone_cutterslab": {
    "criteria": {
      "has_journal": "2025-01-17 14:19:47 -0500"
    },
    "done": true
  },
  "ars_nouveau:recipes/misc/magebloom_block_to_magebloom": {
    "criteria": {
      "has_journal": "2025-01-17 14:19:47 -0500"
    },
    "done": true
  },
  "ars_nouveau:recipes/building_blocks/sourcestone_mosaic_slab": {
    "criteria": {
      "has_journal": "2025-01-17 14:19:47 -0500"
    },
    "done": true
  },
  "ars_nouveau:recipes/misc/sourcestone_large_bricks_stairs": {
    "criteria": {
      "has_journal": "2025-01-17 14:19:47 -0500"
    },
    "done": true
  },
  "ars_elemental:recipes/misc/flight_alt": {
    "criteria": {
      "has_journal": "2025-01-17 14:19:47 -0500"
    },
    "done": true
  },
  "ars_nouveau:recipes/misc/agronomic_sourcelink": {
    "criteria": {
      "has_journal": "2025-01-17 14:19:47 -0500"
    },
    "done": true
  },
  "ars_additions:recipes/decorations/crafting/stonecutter/polished_sourcestone_wall_0": {
    "criteria": {
      "has_journal": "2025-01-17 14:19:47 -0500"
    },
    "done": true
  },
  "ars_nouveau:recipes/building_blocks/sourcestone_mosaic_stone_cutterslab": {
    "criteria": {
      "has_journal": "2025-01-17 14:19:47 -0500"
    },
    "done": true
  },
  "ars_nouveau:recipes/misc/smooth_gilded_sourcestone_mosaic_to_sourcestone": {
    "criteria": {
      "has_journal": "2025-01-17 14:19:47 -0500"
    },
    "done": true
  },
  "DataVersion": 3955
}