{"stats":{"minecraft:mined":{"minecraft:short_grass":3,"minecraft:bookshelf":2,"pamhc2trees:pamapple":1,"biomesoplenty:barley":2,"biomesoplenty:sprout":10,"minecraft:tnt":2},"minecraft:picked_up":{"minecraft:book":6,"minecraft:tnt":2,"minecraft:wheat_seeds":2},"minecraft:dropped":{"minecraft:wheat_seeds":2,"minecraft:tnt":2},"minecraft:custom":{"minecraft:time_since_rest":7260,"minecraft:play_time":7260,"lootr:looted_stat":1,"minecraft:sprint_one_cm":40048,"minecraft:walk_one_cm":44372,"minecraft:sneak_time":14,"minecraft:walk_under_water_one_cm":1275,"minecraft:drop":3,"minecraft:jump":168,"minecraft:time_since_death":7260,"minecraft:walk_on_water_one_cm":1351,"minecraft:total_world_time":8126,"minecraft:swim_one_cm":2337,"minecraft:fall_one_cm":3462,"minecraft:fly_one_cm":35891}},"DataVersion":3955}